title	url	tags
Распространение крупного пожара в Архангельске остановлено	https://www.vesti.ru/article/3690488	происшествия,производство,пожар,видео,общество,новости,Архангельск
"Осужденные администраторы ""Адских бабок"" обжалуют приговор"	https://www.vesti.ru/article/3690453	происшествия,вымогательство,приговор,обжалование,общество,Москва,новости,соцсети
Республиканцы покинули брифинг о помощи Украине и Израилю	https://www.vesti.ru/article/3690487	в мире,политика,помощь,Украина,Израиль,финансирование, США/Америка,Джозеф Байден,общество,новости
Среди погибших в боях израильтян могут быть выходцы из СССР	https://www.vesti.ru/article/3690440	в мире,политика,Советский Союз/СССР,Израиль,фамилия,сектор Газа,ХАМАС,погибшие,общество,новости
Умер основатель и участник легендарной рок-группы Wings Дэнни Лейн	https://www.vesti.ru/article/3690485	в мире,культура,смерть/кончина,болезнь,музыкант,шоу-бизнес,творчество,рок-группа,гитарист,музыка,Пол Маккартни,общество,новости
Рабочие на Камчатке, госпитализированные с отравлением, идут на поправку	https://www.vesti.ru/article/3690451	происшествия,отравление,строитель,аэропорт,общество,Камчатка,новости
Суд в Перу потребовал досрочно освободить из тюрьмы экс-президента	https://www.vesti.ru/article/3690438	в мире,происшествия,президент,заключенный,освобождение,Перу,общество,новости
У Украины закончатся деньги после декабря 2023 года	https://www.vesti.ru/article/3690439	в мире,политика,помощь,финансы,Украина,финансирование, США/Америка,общество,новости,ВСУ / Вооруженные силы Украины
Байден не может позволить победить Трампу на предстоящих выборах	https://www.vesti.ru/article/3690441	в мире,политика,президент,выборы,Дональд Трамп, США/Америка,Джозеф Байден,общество,новости
На Камчатке 41 строитель аэропорта госпитализирован из-за пищевого отравления	https://www.vesti.ru/article/3690437	происшествия,отравление,строитель,аэропорт,общество,Камчатка,новости
Задержан босниец, помогавший бежать Артему Уссу из Италии	https://www.vesti.ru/article/3690447	в мире,происшествия,побег,Италия,задержание,россиянин/россиянка,обвиняемый,общество,новости,Александр Усс
Посол Израиля Александр Бен Цви заявил о завершении своей миссии в России	https://www.vesti.ru/article/3690448	в мире,политика,Израиль,международные отношения,посол,дипломатия,общество,Россия,новости
"""Десять дивизий"" украинских уклонистов находятся в Германии"	https://www.vesti.ru/article/3690436	в мире,Германия,Украина,беженцы,общество,новости
И вкусно, и полезно: топ-5 целебных видов чая	https://www.vesti.ru/article/3690240	здоровье,Михаил Полицеймако,Сергей Агапкин,чай,Россия 1,ЗОЖ/Здоровый образ жизни,общество,новости,медицина,Только у нас,новости/шоу
Бывший президент Польши Валенса попал в больницу с коронавирусом	https://www.vesti.ru/article/3690382	в мире,здоровье,президент,Польша,коронавирус,общество,новости,COVID-19
Нетаньяху заявил, что войска ХАМАС лишились половины командиров	https://www.vesti.ru/article/3690381	в мире,политика,Израиль,командование,ликвидация,сектор Газа,Биньямин Нетаньяху,общество,новости
В пригороде Вашингтона один человек погиб в результате взрыва жилого дома	https://www.vesti.ru/article/3690421	в мире,происшествия,взрыв,пострадавшие,Вашингтон, США/Америка,погибшие,общество,новости,жилой дом
Восстановление жилого фонда в Шебекинском городском округе близится к завершению	https://www.vesti.ru/article/3690383	жилье,дом,ремонт,восстановление,губернатор,общество,новости,Белгородская область,Шебекино,Вячеслав Гладков
Крупный пожар в производственном здании тушат в Архангельске	https://www.vesti.ru/article/3690419	происшествия,производство,пожар,видео,общество,новости,Архангельск
В Румынии объявлена общенациональная эпидемия кори	https://www.vesti.ru/article/3690418	политика,здоровье,вакцина,Румыния,прививка,корь,новости
"Ковальчук высказался о возвращении в ""Спартак"""	https://www.vesti.ru/article/3690431	спорт,футбол,хоккей,КХЛ,Илья Ковальчук,новости,Спартак хоккей
Совбез ООН по запросу РФ проведет заседание по поставкам оружия Киеву	https://www.vesti.ru/article/3690412	политика,оружие,Украина,ООН,Запад,заседание,Совбез/Совет Безопасности,Россия,новости,Дмитрий Полянский
"Хоккеисты ""Северстали"" нанесли поражение ""Ак Барсу"""	https://www.vesti.ru/article/3690402	спорт,хоккей,КХЛ,новости,Северсталь хоккей,Ак Барс хоккей
В Италии ловят людей, помогавших бежать россиянину Артему Уссу	https://www.vesti.ru/article/3690401	происшествия,побег,Италия,задержание,россиянин/россиянка,домашний арест,общество,новости
Навострили лыжи: украинская элита едет на курорт вместо передовой	https://www.vesti.ru/article/3690332	политика,война,отдых,Украина,Владимир Зеленский,Закарпатье,элита,новости,курорт
"США сделали РФ ""существенное предложение"" по обмену Уилана и Гершковича"	https://www.vesti.ru/article/3690404	шпионаж,обмен, США/Америка,Пол Уилан,общество,Россия,новости,события дня
В работе приложения и сайта Альфа-банка произошел сбой	https://www.vesti.ru/hitech/article/3690393	сайт,сбой,приложение,общество,новости,Альфа-Банк,события дня
Глава ФБР пожаловался, что в США слишком много российских разведчиков	https://www.vesti.ru/article/3690400	политика,разведка,ФБР,жалоба, США/Америка,Россия,новости
"""Спартак"" выиграл дерби у ""Динамо"", команды забросили 15 шайб"	https://www.vesti.ru/article/3690394	спорт,хоккей,КХЛ,новости,Динамо Москва хоккей,Спартак хоккей
В офисе Зеленского признали, что Украину ждет поражение без денег США	https://www.vesti.ru/article/3690351	политика,помощь,Украина, США/Америка,поражение,общество,новости,события дня
ХАМАС не отпустит заложников, пока Израиль не прекратит агрессию	https://www.vesti.ru/article/3690272	политика,заложники,Израиль,сектор Газа,ХАМАС,общество,новости,события дня
Почти 30-летний срок получил бывший солдат ВСУ, убивший мариупольцев	https://www.vesti.ru/article/3690298	убийство,видео,приговор,Мариуполь,общество,новости,ВСУ / Вооруженные силы Украины,пленные
"Как не стать жертвой ""чужого"": чем опасен отдых в экзотических странах"	https://www.vesti.ru/article/3690266	здоровье,туризм,отдых,опасность,малярия,личинка,лихорадка,общество,Россия,Москва,новости,медицина
Минобороны сообщило о шести дронах, атаковавших Белгородскую область	https://www.vesti.ru/article/3690273	происшествия,противовоздушная оборона/ПВО,уничтожение,перехват,общество,новости,беспилотник/БПЛА,Минобороны РФ
"Потерял руки, но продолжил ""воевать в тылу"": история Героя России Шоломова"	https://www.vesti.ru/article/3690317	подвиг,офицер,Украина,спецоперация,Герой России,общество,новости
Brexit не помог: в Британии – застой в экономике и расисты в королевской семье	https://www.vesti.ru/article/3690233	Европа,Великобритания,расизм,мигранты,общество,новости,Карл III,экономика
"""Спартак"" объявил о возвращении Ильи Ковальчука"	https://www.vesti.ru/article/3690342	спорт,хоккей,КХЛ,Илья Ковальчук,новости,Спартак хоккей
"США вводят санкции против причастных к ""подрыву мира"" на Западном берегу"	https://www.vesti.ru/article/3690242	политика,насилие,Палестина,санкции, США/Америка,общество,новости,события дня
"Наши военные между боями изучают новые дроны и смотрят ""Россию 24"""	https://www.vesti.ru/article/3690286	Украина,спецоперация,Донбасс,общество,Россия,новости,беспилотник/БПЛА,ВСУ / Вооруженные силы Украины,Херсонская область
Россия воссоединила уже 46 украинских семей	https://www.vesti.ru/article/3690256	политика,семья,Украина,посольство,омбудсмен,Катар,дети,воссоединение,общество,Россия,Москва,новости,события дня
Число раненых в аварии на Кубани выросло до 16 человек, возбуждено дело	https://www.vesti.ru/article/3690330	происшествия,ДТП,видео,уголовное дело,пострадавшие,Краснодарский край/Кубань,погибшие,общество,новости
"Лауреатом премии ""Большая книга"" стал Евгений Водолазкин с романом ""Чагин"""	https://www.vesti.ru/article/3690329	культура,премия,Большая книга,общество,Россия,новости,события дня
"Украина потратила $93 млрд на оборону и ""критически важные расходы"" в 2023 году"	https://www.vesti.ru/article/3690268	оборона,Украина,финансирование,общество,новости,ВСУ / Вооруженные силы Украины
Над Белгородской областью сбиты три дрона ВСУ	https://www.vesti.ru/article/3690302	происшествия,общество,новости,беспилотник/БПЛА,Белгородская область
ЦАХАЛ приступил к третьей фазе операции в Газе и окружает Хан-Юнис	https://www.vesti.ru/article/3690220	происшествия,политика,Израиль,сектор Газа,ХАМАС,новости,события дня
Москвичей предупредили о густом тумане до утра среды	https://www.vesti.ru/article/3690252	прогноз,туман,погода,общество,Москва,новости,события дня
"СКА прервал серию из 11 побед, уступив ""Автомобилисту"""	https://www.vesti.ru/article/3690307	спорт,хоккей,КХЛ,новости,СКА хоккей,Автомобилист хоккей
Госдума прекратила полномочия депутата от КПРФ Блоцкого	https://www.vesti.ru/article/3690254	Госдума/Государственная дума,депутат,общество,Россия,новости
Под Владимиром парень пролежал в лесу три дня в беспомощном состоянии	https://www.vesti.ru/article/3690225	происшествия,спасение,лес,пропажа,общество,новости,Владимирская область,поиски
США расширили санкции против России и Белоруссии	https://www.vesti.ru/article/3690184	политика,Белоруссия,санкции, США/Америка,общество,Россия,новости,события дня
Страны Балтии выразили недовольство Польше из-за блокады границы с Украиной	https://www.vesti.ru/article/3690183	политика,Польша,Украина,блокада,Прибалтика,граница,новости,недовольство
Путин рассказал про самое теплое воспоминание из детства	https://www.vesti.ru/article/3690195	семья,воспоминания,Владимир Путин,детство,мама,общество,Россия,новости,события дня
В МОК призвали не признавать международные турниры в России	https://www.vesti.ru/article/3690215	спорт,МОК/Международный олимпийский комитет,новости,события дня
На Урале женщина устроила взрыв в квартире, залив кипящее масло водой	https://www.vesti.ru/article/3690187	происшествия,взрыв,разрушение,масло,госпитализация,общество,новости,Свердловская область,жилой дом
Госдеп США объявил награду за данные о местонахождении Артема Усса	https://www.vesti.ru/article/3690079	сын,награда, США/Америка,Госдепартамент,общество,новости,Александр Усс
"Лидер Востока КХЛ ""Металлург"" дома проиграл ЦСКА"	https://www.vesti.ru/article/3690189	спорт,хоккей,КХЛ,новости,ЦСКА хоккей,Металлург Магнитогорск хоккей
Телеграм-канал впервые оштрафовали за рекламу без маркировки	https://www.vesti.ru/article/3690165	реклама,штраф,ФАС/Федеральная антимонопольная служба,мессенджеры,Telegram,общество,Россия,новости,интернет
"На Кубе теперь можно расплачиваться картами ""Мир"""	https://www.vesti.ru/finance/article/3690154	Куба,банковские карты,Гавана,Мир,новости,события дня,экономика
Путин: Киев целенаправленно корежил население Донбасса русофобией	https://www.vesti.ru/article/3690136	политика,история,образование,Владимир Путин,Украина,рознь,движение,фейк,общество,Россия,новости,события дня
Три человека погибли в столкновении бензовоза и маршрутки на Кубани	https://www.vesti.ru/article/3690168	происшествия,авария,ДТП,маршрутка,Краснодарский край/Кубань,новости
Открыт прием заявок на III Национальную премию интернет-контента	https://www.vesti.ru/television/article/3690147	премия,общество,новости,интернет,новости/кино,новости/шоу
"Хоккеисты ""Авангарда"" забросили пять шайб в ворота ""Барыса"""	https://www.vesti.ru/article/3690149	спорт,хоккей,КХЛ,новости,Барыс хоккей,Авангард хоккей
В России выявлены случаи заболевания микоплазменной инфекцией	https://www.vesti.ru/article/3690127	здоровье,здравоохранение,заболевание,инфекция,пневмония,общество,Россия,новости,события дня
"Каспийская ""пятерка"" выступила за активизацию диалога по военной деятельности"	https://www.vesti.ru/article/3690064	политика,Сергей Лавров,Каспий,Иран,новости
Мишустин: вопросы комплектования личного состава ВС РФ экипировкой решены	https://www.vesti.ru/article/3690054	оборона,производство,правительство,спецоперация,гособоронзаказ,Михаил Мишустин,общество,Россия,новости,события дня,экономика
"Путин прибыл в Пятигорск на заседание набсовета ""Движения первых"""	https://www.vesti.ru/article/3690106	Владимир Путин,общество,Россия,Ставропольский край,новости,Пятигорск,события дня
Такси загорелось после взрыва на Волгоградском проспекте	https://www.vesti.ru/article/3690103	происшествия,пожар,взрыв,такси,Волгоградский проспект,Москва,новости
В Томске произвели авиатопливо из биомасел и кулинарных отходов	https://www.vesti.ru/nauka/article/3690085	наука,авиация,производство,топливо,биотопливо,Россия,новости
Лионель Месси – спортсмен года по версии журнала Time	https://www.vesti.ru/article/3690093	спорт,футбол,Лионель Месси,новости,Сборная Аргентины футбол
Производство бронетанковой техники в РФ увеличилось втрое	https://www.vesti.ru/article/3690033	производство,бронетехника,Михаил Мишустин,ОПК/оборонно-промышленный комплекс,новости,экономика
"""Сибирь"" потерпела четвертое поражение кряду в КХЛ"	https://www.vesti.ru/article/3690032	спорт,хоккей,КХЛ,новости,Динамо Минск хоккей,Сибирь хоккей
Эдгард Запашный высказался об уехавших артистах	https://www.vesti.ru/television/article/3689877	шоу-бизнес,Эдгард Запашный,общество,новости,новости/шоу
Welt: Зеленский, похоже, забыл про свое обещание не идти на второй срок	https://www.vesti.ru/article/3690015	политика,президент,Украина,Владимир Зеленский,общество,новости
Гусар попытался украсть из Театра Наций новые кроссовки	https://www.vesti.ru/article/3690001	происшествия,кража,Театр Наций,гусары,кроссовки,общество,Москва,новости
Банки Кипра под давлением США закроют счета россиян	https://www.vesti.ru/finance/article/3690020	депозит,Кипр, США/Америка,новости,экономика
"Украинская ""Мотор Сич"" безуспешно ищет партнеров на Западе"	https://www.vesti.ru/article/3689934	производство,Украина,двигатели,общество,новости
Депутат Рады Безуглая предложила волонтерам уйти на фронт	https://www.vesti.ru/article/3689986	женщины,Украина,Верховная рада,общество,новости,волонтеры
В США заявили, что сделают из Украины главного поставщика энергии в ЕС	https://www.vesti.ru/article/3689972	Украина,энергетика,ЕС/Евросоюз, США/Америка,общество,новости,события дня
Житель Кубани метнул гранату в обидевшего его электрика	https://www.vesti.ru/article/3689998	происшествия,конфликт,ссора,граната,Краснодарский край/Кубань,новости
Курс евро на Мосбирже поднялся до 100 рублей, доллара – до 92 рублей	https://www.vesti.ru/finance/article/3689993	рубль,евро,доллар,юань,новости,экономика
"""Давай, подъезжай"". Соловьев ответил Милохину, вызвавшему его на бой"	https://www.vesti.ru/article/3689949	спорт,политика,Владимир Соловьев,MMA,общество,новости,Даня Милохин,события дня
Николас Кейдж собирается завершить актерскую карьеру	https://www.vesti.ru/television/article/3689662	актер/актриса,шоу-бизнес,Николас Кейдж,Голливуд,общество,новости,новости/кино
Протестующие в Молдавии фермеры привезли Санду навоз	https://www.vesti.ru/article/3689899	политика,фермер,протест,Молдавия,навоз,общество,новости,Майя Санду,события дня
Страны Персидского залива направят еще $1,6 млрд на восстановление сектора Газа	https://www.vesti.ru/article/3689954	политика,финансирование,Персидский залив,сектор Газа,общество,новости
Охранникам объектов ТЭК разрешили уничтожать БПЛА	https://www.vesti.ru/article/3689839	закон,охрана,Госдума/Государственная дума,ТЭК,общество,новости,беспилотник/БПЛА
Жительнице ДНР исправили в паспорте несуществующую дату	https://www.vesti.ru/article/3689799	ошибка,паспорт,Донецкая народная республика/ДНР,общество,Россия,новости
Россия выделила 21 триллион рублей за пять лет на выполнение нацпроектов	https://www.vesti.ru/article/3689887	Михаил Мишустин,общество,Россия,новости,нацпроект
В России увеличат штрафы за самовольную установку газового оборудования	https://www.vesti.ru/finance/article/3689965	газ,Госдума/Государственная дума,общество,новости,экономика
Под Стерлитамаком нашли расчлененное тело девушки	https://www.vesti.ru/article/3689901	происшествия,убийство,Башкортостан/Башкирия,новости,девушка
"Первая отставка в АПЛ: ""Шеффилд Юнайтед"" уволил Хекингботтома"	https://www.vesti.ru/article/3689885	спорт,футбол,тренер,отставка,новости,премьер-лига Англия футбол
Правительство не намерено вводить госмонополию на спирт	https://www.vesti.ru/finance/article/3689841	правительство,спирт,монополия,новости,Министерство финансов/Минфин,экономика
Группа подростков избила девочку в Ульяновске	https://www.vesti.ru/article/3689859	происшествия,школа,избиение,дети,новости,Ульяновск
Штрафы за нарушения при обработке биометрии выросли до 1,5 миллиона рублей	https://www.vesti.ru/hitech/article/3689865	Госдума/Государственная дума,законодательство,биометрия,общество,Россия,новости,hi-tech,технологии
Три части формулы счастья от Льва Ландау и классификация женщин и зануд	https://www.vesti.ru/article/3689849	культура,наука,любовь,физика,счастье,женщины,Лев Ландау,мужчины/женщины,формула,общество,новости
"Американский генерал призывал украинцев ""резать глотки русским"""	https://www.vesti.ru/article/3689819	Германия,Украина,ФРГ, США/Америка,военные учения,общество,новости
Бразилия стягивает военных к границе с Гайаной	https://www.vesti.ru/article/3689818	политика,военные,граница,Бразилия,Венесуэла,референдум,новости
Минфин возобновит продажу ОФЗ	https://www.vesti.ru/finance/article/3689851	купоны,новости,Министерство финансов/Минфин,ОФЗ,экономика
"Госдума одобрила закон о запрете продажи пива в ""наливайках"""	https://www.vesti.ru/article/3689775	алкоголь,Госдума/Государственная дума,законодательство,общество,Россия,новости
90-летний отец Сергея Гармаша попал в реанимацию	https://www.vesti.ru/television/article/3689717	здоровье,Сергей Гармаш,операция,госпитализация,общество,новости,медицина,новости/кино
Колокольцев: Интерпол пытается приостановить членство РФ	https://www.vesti.ru/article/3689808	политика,МВД,Интерпол,Владимир Колокольцев,общество,новости,события дня
Татьяна Москалькова сообщила, что лежит под капельницей	https://www.vesti.ru/article/3689786	здоровье,больница,омбудсмен,Татьяна Москалькова,общество,Россия,новости
"""Постоянная интрига"": Любовь Успенская высоко оценила шоу ""Дуэты"""	https://www.vesti.ru/television/article/3689628	шоу-бизнес,Любовь Успенская ,общество,новости,певица,новости/шоу
"Продолжаются съемки фильма ""Роднина"" по мотивам книги ""Слеза чемпионки"""	https://www.vesti.ru/television/article/3689767	фильм,съемки,кино,фигурное катание,Ирина Роднина,общество,новости,новости/кино
"Форвард ""Вашингтона"" Кузнецов: хотелось бы поиграть за ""Трактор"" в конце карьеры"	https://www.vesti.ru/article/3689736	спорт,хоккей,КХЛ,НХЛ / NHL,новости,Трактор хоккей,Вашингтон Кэпиталз хоккей
Макрон пригласил Орбана в Париж, чтобы обсудить членство Украины в ЕС	https://www.vesti.ru/article/3689712	политика,Франция,Украина,Венгрия,ЕС/Евросоюз,Эммануэль Макрон,общество,новости,Виктор Орбан,события дня
Алле Пугачевой стало плохо в магазине	https://www.vesti.ru/article/3689702	здоровье,Алла Пугачева,Кипр,общество,новости
Песков: Россия готова к переговорам с Украиной	https://www.vesti.ru/article/3689641	политика,Кремль,Украина,спецоперация,переговоры,Дмитрий Песков,общество,Россия,новости
Россия и Иран подписали соглашение о противодействии санкциям	https://www.vesti.ru/article/3689693	политика,дипломатия,Сергей Лавров,Иран,санкции,общество,Россия,новости,события дня
Катя Лель развелась с мужем после 15 лет брака	https://www.vesti.ru/television/article/3689513	шоу-бизнес,развод,Катя Лель,личная жизнь,общество,новости,новости/шоу
Константин Тюкавин назван лучшим молодым футболистом России	https://www.vesti.ru/article/3689599	спорт,футбол,футболист,голосование,новости,чемпионат России футбол,Динамо Москва футбол
"""Конец пути"": Saxo Bank опубликовал 10 шокирующих предсказаний"	https://www.vesti.ru/article/3689384	политика,нефть,пророчество/предсказание,банк,прогноз,Дания,Саудовская Аравия,искусственный интеллект, США/Америка,новости,экономика
Отцу Бритни Спирс ампутировали ногу	https://www.vesti.ru/television/article/3689593	здоровье,шоу-бизнес,Бритни Спирс,ампутация,общество,новости,медицина,новости/шоу
Три человека погибли в ДТП с самосвалом в Брянской области	https://www.vesti.ru/article/3689689	происшествия,авария,ДТП,новости,Брянская область
Гражданин КНР погиб в шахте в Туве	https://www.vesti.ru/article/3689544	происшествия,гибель,Китай/КНР,несчастный случай,рабочий,новости,Тыва/Тува
"Спецназ ""Ахмат"" пополнился новыми добровольцами в зоне СВО"	https://www.vesti.ru/article/3689620	Украина,спецоперация,Рамзан Кадыров,общество,Россия,новости
Министр спорта Франции: возможные теракты не отменят Олимпиаду-2024	https://www.vesti.ru/article/3689627	спорт,Франция,Париж,терроризм,Олимпиада/Олимпийские игры,новости
Минобороны РФ: за сутки отражены 8 атак ВСУ	https://www.vesti.ru/article/3689536	спецоперация,общество,новости,ВСУ / Вооруженные силы Украины,Минобороны РФ,события дня
Отец отправился на спецоперацию вслед за сыном	https://www.vesti.ru/article/3689447	сын,отец,спецоперация,Россия 1,общество,новости,Только у нас,новости/шоу
Вера Брежнева лишилась последнего бизнеса в России	https://www.vesti.ru/article/3689517	бизнес,шоу-бизнес,Вера Брежнева,общество,Россия,новости,певица
Житель Москвы убил бабушку молотком	https://www.vesti.ru/article/3689562	происшествия,убийство,суд,арест,бабушка,Москва,новости
Житель Москвы убил бабушку молотком	https://www.vesti.ru/article/3689562	происшествия,убийство,суд,арест,бабушка,Москва,новости
На ЗАЭС сменились инспекторы МАГАТЭ	https://www.vesti.ru/article/3689472	безопасность,Росатом,МАГАТЭ,наблюдатели,общество,Россия,новости,Запорожская АЭС
Министр экономики ФРГ попался пранкерам, несмотря на предупреждения	https://www.vesti.ru/article/3689545	политика,Германия,Украина,пранк,общество,новости,Лексус/Алексей Столяров,Вован/Владимир Кузнецов,события дня
"Совфед рассмотрит проект закона ""О занятости населения в России"""	https://www.vesti.ru/article/3689533	политика,Совет Федерации,занятость,общество,новости,события дня
Автомобиль певца Трофима попал в ДТП, пока тот был на гастролях	https://www.vesti.ru/television/article/3689461	происшествия,шоу-бизнес,авария,ДТП,инцидент,Сергей Трофимов,общество,новости,певец,новости/шоу
"Для бывшего владельца банка ""Югра"" запросили почти 10 лет колонии"	https://www.vesti.ru/article/3689511	происшествия,суд,банк,кредит,растрата,Москва,новости
В Финляндии возбудили дело о поставках БПЛА в Россию	https://www.vesti.ru/article/3689442	происшествия,расследование,Финляндия,уголовное дело,санкции,общество,Россия,новости,беспилотник/БПЛА
"Актер из ""Сверхъестественного"" попал в реанимацию после шести инфарктов"	https://www.vesti.ru/television/article/3689362	актер/актриса,здоровье,шоу-бизнес,общество,новости,новости/кино,новости/сериалы
Депутат Шеремет: в ГД внесен законопроект о признании внутренним Азовского моря	https://www.vesti.ru/article/3689496	политика,Госдума/Государственная дума,законопроект,Азовское море,общество,новости,события дня
"""Лукойл"" пересмотрит работу своих предприятий в Болгарии"	https://www.vesti.ru/finance/article/3689530	ЛУКойл,Болгария,новости,НПЗ,экономика
"Умерла актриса из сериала ""Склифосовский"" Татьяна Владимирова"	https://www.vesti.ru/television/article/3689505	актер/актриса,смерть/кончина,кино,Склифосовский,общество,новости,новости/сериалы
Собянин: с 1 января минимальная пенсия в Москве будет 24,5 тыс. рублей	https://www.vesti.ru/article/3689475	Сергей Собянин,пенсия,социальные выплаты,общество,Москва,новости,экономика
"""Лион"" не сможет сыграть на своем стадионе из-за певицы Тейлор Свифт"	https://www.vesti.ru/article/3689380	спорт,концерт,футбол,Тейлор Свифт,общество,новости,чемпионат Франции футбол,Лион футбол,Лига 1 футбол
В МИД РФ назвали провальным введенный Западом потолок цен на нефть	https://www.vesti.ru/finance/article/3689378	политика,нефть,МИД России,санкции,новости,экономика
Экс-футболист Моррисон парковался по удостоверению умершего инвалида	https://www.vesti.ru/article/3689491	спорт,спортсмен,футбол,парковка,Манчестер,новости,Манчестер Юнайтед футбол
8 лет покаяния: как Елена Цыплакова выжила в схватке со страшной болезнью	https://www.vesti.ru/television/article/3689401	актер/актриса,режиссер,болезнь,здоровье,Елена Цыплакова,Россия 1,малярия,общество,новости,медицина,Только у нас,новости/кино,новости/сериалы,новости/шоу
Рогов: новая помощь США Украине будет зависеть от процента отката	https://www.vesti.ru/article/3689396	политика,помощь,коррупция,Украина,Владимир Зеленский, США/Америка,Владимир Рогов,общество,Россия,новости
Армения снова пропустит заседание ОДКБ	https://www.vesti.ru/article/3689449	политика,Армения,ОДКБ,общество,новости
"НСПК составит рейтинг банков по количеству пользователей карт ""Мир"""	https://www.vesti.ru/finance/article/3689443	банк,карта,Мир,новости,экономика
Повестка визита Путина в ОАЭ и Саудовскую Аравию – нефтяной рынок	https://www.vesti.ru/article/3689432	политика,Владимир Путин,нефть,газ,ОАЭ,Саудовская Аравия,новости,экономика
Многодетный участник СВО после ранения готов вернуться в строй	https://www.vesti.ru/article/3689347	солдаты,спецоперация,Россия 1,многодетные семьи,ранение,общество,новости,Только у нас,новости/шоу
Назначен новый постпред России при ОЗХО	https://www.vesti.ru/article/3689406	Владимир Путин,дипломат,посол,Голландия/Нидерланды,ОЗХО,общество,Россия,новости
Нигер прекратил военное сотрудничество с ЕС	https://www.vesti.ru/article/3689361	политика,военные,сотрудничество,ЕС/Евросоюз,новости,Нигер
Предполагаемого убийцу иркутского школьника отправили в СИЗО	https://www.vesti.ru/article/3689419	происшествия,убийство,суд,арест,хулиганство,новости,Иркутск
"""Рубин"" не согласовал форму с РПЛ на игру с ""Динамо"""	https://www.vesti.ru/article/3689363	спорт,футбол,форма,новости,премьер-лига Россия футбол,Рубин футбол,чемпионат России футбол,Динамо Москва футбол
При новом спикере Конгресс США не одобрил ни одного пакета помощи Киеву	https://www.vesti.ru/article/3689238	в мире,политика,помощь,Украина, США/Америка,Конгресс США ,новости,экономика
Лавров: прикаспийские страны укрепят взаимодействие	https://www.vesti.ru/article/3689391	политика,Сергей Лавров,МИД России,Каспий,новости
"Экс-тренера ""ПСЖ"" Галтье будут судить за расизм"	https://www.vesti.ru/article/3689338	спорт,футбол,скандал,расизм,новости,Ницца футбол,Пари Сен-Жермен футбол
"РЭО назвал победителей ""Зеленой премии"""	https://www.vesti.ru/article/3689077	экология,отходы,переработка,общество,новости,события дня,экономика
В России одобрили создание стандарта БРИКС для сертификации карбоновых проектов	https://www.vesti.ru/article/3689303	экология,БРИКС,углерод,общество,Россия,новости,вредные выбросы
Минфин предложил уменьшить максимальный размер ипотечного кредита	https://www.vesti.ru/finance/article/3689318	ипотека,Москва,новости,Министерство финансов/Минфин,экономика
Самолет Ан-12 готовится к аварийной посадке в Хабаровском крае	https://www.vesti.ru/article/3689348	происшествия,самолет,Ан-12,посадка,новости,Хабаровский край
Радулов, Гусев, Голдобин и Ткачев стали капитанами команд на Матче всех звезд	https://www.vesti.ru/article/3689316	спорт,хоккей,КХЛ,Александр Радулов,новости,Никита Гусев,Матч всех звезд
"Песков прокомментировал номинацию Путина на ""Человека года"""	https://www.vesti.ru/article/3689222	в мире,политика,президент,Владимир Путин,Кремль,журнал,номинация,Дмитрий Песков,общество,Россия,новости
В Кремле исключили амнистию осужденных женщин в этом году	https://www.vesti.ru/article/3689235	преступление,женщины,амнистия,Дмитрий Песков,общество,новости
Грязин станет призовым гонщиком команды Citroen	https://www.vesti.ru/article/3689164	спорт,автоспорт,автогонки,ралли,Citroen/Ситроен,новости
"Песков: идея о постоянной выставке ""Россия"" витает в воздухе"	https://www.vesti.ru/article/3689291	Владимир Путин,выставка,Дмитрий Песков,общество,новости,Самое читаемое
На Кубани собутыльники похоронили убитого знакомого в куче навоза	https://www.vesti.ru/article/3689285	происшествия,убийство,навоз,Краснодарский край/Кубань,новости
Минфин: бюджет получит дополнительные доходы в декабре	https://www.vesti.ru/finance/article/3689221	бюджет,доходы,новости,Министерство финансов/Минфин,экономика
Сбросившие беременную подругу с моста подростки отправились в колонию	https://www.vesti.ru/article/3689220	происшествия,убийство,суд,покушение,мост,новости,Магаданская область
Президенты России и Ирана встретятся в Москве	https://www.vesti.ru/article/3688977	политика,президент,Владимир Путин,Кремль,переговоры,Иран,визит,Дмитрий Песков,общество,Россия,новости,Ибрахим Раиси
Москве присвоен высший кредитный рейтинг	https://www.vesti.ru/finance/article/3689194	кредитный рейтинг,рынок труда,Москва,новости,экономика
Зимний кубок РПЛ-2024 пройдет в Абу-Даби с 1 по 15 февраля	https://www.vesti.ru/article/3689172	спорт,футбол,турнир,Абу-Даби,новости,премьер-лига Россия футбол
На Сахалине осудили сбежавшего из зоны СВО военного	https://www.vesti.ru/article/3689168	происшествия,суд,приговор,дезертир,Южно-Сахалинск,новости
Коварный лед: любителей зимней ловли отгоняют от водоемов	https://www.vesti.ru/article/3689137	происшествия,лед,рыбалка,запрет,водоем,общество,новости,Владивосток,события дня
Politico: США разрабатывают план перехода Газы под контроль ПНА	https://www.vesti.ru/article/3688980	политика,война,конфликт,Израиль,Палестина,сектор Газа,ХАМАС, США/Америка,новости,события дня
Китай опять заявил о недопустимости независимости Тайваня	https://www.vesti.ru/article/3689113	в мире,политика,Китай/КНР,независимость,Тайвань,общество,новости
"Объявленный в розыск основатель ""Тануки"" открыл ресторан в Лондоне"	https://www.vesti.ru/article/3689142	происшествия,розыск,Лондон,Тануки,ресторатор,новости,Самое читаемое
"Роспотребнадзор: продукция компании ""Лидское молоко"" опасна для здоровья"	https://www.vesti.ru/finance/article/3689141	сыр,молоко,Роспотребнадзор,общество,новости
Явлинский предложил перемирие по примеру Эльзаса-Лотарингии	https://www.vesti.ru/article/3689027	"политика,Украина,спецоперация,Григорий Явлинский,партия ""Яблоко"",общество,Россия,новости"
Мяч футбольного Euro-2024 набит микрочипами	https://www.vesti.ru/article/3688976	спорт,футбол,Adidas,новости,УЕФА / UEFA,чемпионат Европы
Легкоатлетка Магучих призвала поддержать отстранение россиян и белорусов	https://www.vesti.ru/article/3689079	спорт,Украина,Белоруссия,легкая атлетика,Мария Ласицкене,общество,Россия,новости
Почти 40% релокантов вернулись в Россию	https://www.vesti.ru/article/3688975	Ближний Восток,мобилизация,общество,новости,вид на жительство
Мамина спица проткнула школьнице легкое в питерском ТЦ	https://www.vesti.ru/article/3689017	происшествия,девочка,торговый центр,вязание,ранение,новости,Санкт-Петербург
Глава Европарламента: помощь Киеву – серьезный финансовый вызов	https://www.vesti.ru/article/3688863	в мире,политика,Украина,ЕС/Евросоюз,Европарламент,общество,новости
Конгресс Международной ассоциации бокса пройдет в ОАЭ	https://www.vesti.ru/article/3688992	спорт,бокс,ОАЭ,конгресс,новости
Похороны самой нелюбимой сестры Фиделя пройдут закрыто	https://www.vesti.ru/article/3688873	политика,революция,сестра,похороны,Куба,Фидель Кастро,Рауль Кастро,общество,новости
Три человека погибли в ДТП под Волоколамском	https://www.vesti.ru/article/3688957	происшествия,авария,ДТП,Волоколамск,новости
Стребков и Мартюк в пятерке лучших баскетбольной Единой лиги	https://www.vesti.ru/article/3688908	спорт,баскетбол,новости,Единая лига ВТБ,ЦСКА баскетбол,Локомотив-Кубань баскетбол
The New York Times: 7 октября ХАМАС ударил по базе с ядерным оружием	https://www.vesti.ru/article/3688793	в мире,происшествия,конфликт,ядерное оружие,Израиль,сектор Газа,ХАМАС,общество,новости
Житель Тулы признался в убийстве своего годовалого ребенка	https://www.vesti.ru/article/3688945	происшествия,убийство,ребенок,признание,новости,Тула
"Вратарь ""Тампы"" Василевский признан второй звездой дня в НХЛ"	https://www.vesti.ru/article/3688911	спорт,хоккей,вратарь/голкипер,НХЛ / NHL,новости,Андрей Василевский,Тампа-Бэй Лайтнинг
